{"stats":{"minecraft:killed_by":{"minecraft:player":1},"minecraft:broken":{"minecraft:wooden_axe":1},"minecraft:used":{"minecraft:spruce_boat":1,"minecraft:wooden_axe":46,"minecraft:stone_pickaxe":55,"minecraft:wooden_pickaxe":12,"minecraft:sweet_berries":1,"minecraft:crafting_table":3},"minecraft:picked_up":{"pixelmon:green_apricorn":4,"pixelmon:black_apricorn":6,"minecraft:crafting_table":3,"minecraft:feather":1,"minecraft:sweet_berries":3,"pixelmon:poke_ball":1,"minecraft:stone_button":1,"pixelmon:apricorn_log":21,"minecraft:spruce_log":6,"pixelmon:aluminum_base":1,"pixelmon:blue_apricorn":6,"minecraft:string":6,"minecraft:dirt":6,"minecraft:orange_terracotta":1,"minecraft:peony":1,"minecraft:cobweb":1,"pixelmon:red_apricorn":5,"minecraft:coal":37,"minecraft:cod":2,"minecraft:cobblestone":57,"pixelmon:poke_ball_lid":1},"minecraft:dropped":{"minecraft:cobweb":1,"minecraft:orange_terracotta":1,"minecraft:string":2,"minecraft:white_wool":1},"minecraft:custom":{"minecraft:time_since_rest":2241,"minecraft:sprint_one_cm":96792,"minecraft:damage_taken":790,"minecraft:walk_one_cm":108173,"minecraft:drop":5,"minecraft:damage_dealt":773,"minecraft:swim_one_cm":6311,"minecraft:interact_with_crafting_table":3,"minecraft:fly_one_cm":165742,"minecraft:open_barrel":3,"minecraft:open_chest":3,"minecraft:play_one_minute":58306,"minecraft:crouch_one_cm":6746,"minecraft:deaths":1,"minecraft:bell_ring":1,"minecraft:sneak_time":1512,"minecraft:walk_under_water_one_cm":2129,"minecraft:boat_one_cm":263737,"minecraft:jump":887,"minecraft:interact_with_grindstone":1,"minecraft:interact_with_stonecutter":1,"minecraft:leave_game":1,"minecraft:time_since_death":2213,"minecraft:walk_on_water_one_cm":6889,"minecraft:climb_one_cm":1033,"minecraft:fall_one_cm":31725},"minecraft:crafted":{"minecraft:white_wool":1,"minecraft:crafting_table":1,"minecraft:spruce_planks":24,"minecraft:stick":12,"minecraft:wooden_pickaxe":1,"minecraft:stone_pickaxe":1,"minecraft:wooden_axe":1,"pixelmon:yellow_berry_wood_planks":12,"pixelmon:poke_ball":1,"minecraft:spruce_boat":1},"minecraft:mined":{"minecraft:large_fern":1,"pixelmon:apricorn_leaves_black":14,"minecraft:orange_terracotta":1,"minecraft:spruce_log":6,"minecraft:birch_leaves":5,"minecraft:peony":1,"minecraft:crafting_table":3,"minecraft:grass":1,"pixelmon:apricorn_leaves_red":18,"minecraft:grass_block":3,"minecraft:coal_ore":37,"pixelmon:apricorn_leaves_blue":18,"pixelmon:apricorn_log":21,"minecraft:sand":1,"minecraft:spruce_leaves":7,"minecraft:stone":20,"minecraft:sandstone":1,"pixelmon:apricorn_leaves_green":15,"pixelmon:apricorn_leaves_pink":10}},"DataVersion":2586}