{"stats":{"minecraft:dropped":{"minecraft:cobweb":1,"minecraft:string":2},"minecraft:custom":{"minecraft:time_since_rest":46579,"minecraft:sprint_one_cm":61341,"minecraft:damage_taken":273,"minecraft:walk_one_cm":66248,"minecraft:drop":3,"minecraft:damage_dealt":60,"minecraft:swim_one_cm":6311,"minecraft:interact_with_crafting_table":3,"minecraft:fly_one_cm":105672,"minecraft:crouch_one_cm":4637,"minecraft:play_one_minute":46579,"minecraft:sneak_time":1122,"minecraft:walk_under_water_one_cm":1834,"minecraft:boat_one_cm":263737,"minecraft:jump":578,"minecraft:walk_on_water_one_cm":4850,"minecraft:time_since_death":46579,"minecraft:climb_one_cm":1033,"minecraft:fall_one_cm":18155},"minecraft:picked_up":{"pixelmon:green_apricorn":4,"pixelmon:black_apricorn":6,"minecraft:crafting_table":3,"minecraft:feather":1,"minecraft:sweet_berries":3,"pixelmon:apricorn_log":18,"minecraft:spruce_log":6,"minecraft:dirt":2,"minecraft:string":6,"minecraft:cobweb":1,"pixelmon:red_apricorn":5,"minecraft:cod":2,"minecraft:coal":37,"minecraft:cobblestone":20},"minecraft:crafted":{"minecraft:crafting_table":1,"minecraft:spruce_planks":24,"minecraft:stick":12,"minecraft:wooden_pickaxe":1,"minecraft:stone_pickaxe":1,"minecraft:wooden_axe":1,"pixelmon:yellow_berry_wood_planks":12,"minecraft:spruce_boat":1},"minecraft:used":{"minecraft:spruce_boat":1,"minecraft:wooden_axe":29,"minecraft:stone_pickaxe":45,"minecraft:wooden_pickaxe":12,"minecraft:crafting_table":3,"minecraft:sweet_berries":1},"minecraft:mined":{"minecraft:large_fern":1,"pixelmon:apricorn_leaves_black":14,"minecraft:spruce_log":6,"minecraft:birch_leaves":1,"minecraft:crafting_table":3,"pixelmon:apricorn_leaves_red":18,"minecraft:grass_block":2,"minecraft:coal_ore":37,"pixelmon:apricorn_log":18,"minecraft:spruce_leaves":7,"minecraft:stone":20,"pixelmon:apricorn_leaves_green":15,"pixelmon:apricorn_leaves_pink":10}},"DataVersion":2586}