{"stats":{"minecraft:dropped":{"minecraft:sweet_berries":4},"minecraft:custom":{"minecraft:jump":86,"minecraft:time_since_rest":10358,"minecraft:play_one_minute":10358,"minecraft:crouch_one_cm":38,"minecraft:leave_game":3,"minecraft:sprint_one_cm":1111,"minecraft:damage_taken":20,"minecraft:time_since_death":10358,"minecraft:walk_one_cm":22070,"minecraft:sneak_time":23,"minecraft:fall_one_cm":1591,"minecraft:drop":4,"minecraft:fly_one_cm":1477},"minecraft:picked_up":{"minecraft:sweet_berries":7},"minecraft:mined":{"minecraft:sweet_berry_bush":1}},"DataVersion":2586}