{"stats":{"minecraft:used":{"minecraft:sand":2,"minecraft:sweet_berries":2,"minecraft:bell":1},"minecraft:picked_up":{"minecraft:sweet_berries":7,"minecraft:bell":1,"minecraft:sand":2},"minecraft:dropped":{"minecraft:sweet_berries":4},"minecraft:custom":{"minecraft:time_since_rest":20884,"minecraft:open_chest":1,"minecraft:crouch_one_cm":38,"minecraft:play_one_minute":20884,"minecraft:sprint_one_cm":50336,"minecraft:damage_taken":420,"minecraft:walk_one_cm":60162,"minecraft:trigger_trapped_chest":1,"minecraft:walk_under_water_one_cm":128,"minecraft:sneak_time":23,"minecraft:drop":4,"minecraft:jump":473,"minecraft:interact_with_grindstone":1,"minecraft:leave_game":5,"minecraft:time_since_death":20884,"minecraft:walk_on_water_one_cm":953,"minecraft:fly_one_cm":75983,"minecraft:fall_one_cm":18153},"minecraft:mined":{"minecraft:sand":2,"minecraft:sweet_berry_bush":1}},"DataVersion":2586}