{"stats":{"minecraft:custom":{"minecraft:jump":77,"minecraft:time_since_rest":8573,"minecraft:crouch_one_cm":38,"minecraft:play_one_minute":8573,"minecraft:leave_game":1,"minecraft:sprint_one_cm":1111,"minecraft:damage_taken":20,"minecraft:time_since_death":8573,"minecraft:walk_one_cm":19455,"minecraft:sneak_time":23,"minecraft:fall_one_cm":1591,"minecraft:drop":4,"minecraft:fly_one_cm":1477},"minecraft:picked_up":{"minecraft:sweet_berries":7},"minecraft:mined":{"minecraft:sweet_berry_bush":1},"minecraft:dropped":{"minecraft:sweet_berries":4}},"DataVersion":2586}