{"stats":{"minecraft:custom":{"minecraft:jump":87,"minecraft:time_since_rest":11457,"minecraft:play_one_minute":11457,"minecraft:leave_game":1,"minecraft:sprint_one_cm":25716,"minecraft:damage_taken":35,"minecraft:time_since_death":11457,"minecraft:walk_one_cm":20783,"minecraft:fall_one_cm":1523,"minecraft:fly_one_cm":13024},"minecraft:picked_up":{"minecraft:sweet_berries":15},"minecraft:mined":{"minecraft:sweet_berry_bush":6,"minecraft:fern":1},"minecraft:used":{"minecraft:sweet_berries":15}},"DataVersion":2586}