{"stats":{"minecraft:used":{"minecraft:spruce_boat":2,"pixelmon:unown_block_l":1,"minecraft:spruce_planks":11,"pixelmon:relic_vase":1,"minecraft:bell":1,"minecraft:dirt":17,"minecraft:sand":10,"minecraft:sweet_berries":15,"minecraft:crafting_table":1,"minecraft:andesite":8},"minecraft:picked_up":{"minecraft:sandstone":1,"minecraft:feather":2,"minecraft:chicken":1,"minecraft:sweet_berries":15,"minecraft:andesite":20,"minecraft:cut_sandstone":18,"pixelmon:relic_vase":1,"pixelmon:unown_block_l":1,"minecraft:sand":10,"minecraft:spruce_log":5,"minecraft:dirt":17,"minecraft:stone_pressure_plate":1,"minecraft:bone":3,"minecraft:spruce_boat":1,"minecraft:wheat_seeds":1,"minecraft:bell":1,"pixelmon:boulder":2,"minecraft:iron_ore":1,"minecraft:sugar_cane":10},"minecraft:custom":{"minecraft:time_since_rest":10090,"minecraft:sprint_one_cm":179829,"minecraft:damage_taken":1493,"minecraft:walk_one_cm":88901,"minecraft:trigger_trapped_chest":1,"minecraft:drop":10,"minecraft:damage_dealt":400,"minecraft:player_kills":1,"minecraft:swim_one_cm":9814,"minecraft:interact_with_crafting_table":1,"minecraft:fly_one_cm":387971,"minecraft:open_chest":6,"minecraft:open_barrel":4,"minecraft:crouch_one_cm":4430,"minecraft:play_one_minute":60602,"minecraft:interact_with_loom":1,"minecraft:sneak_time":1508,"minecraft:walk_under_water_one_cm":1131,"minecraft:boat_one_cm":89041,"minecraft:jump":1473,"minecraft:leave_game":3,"minecraft:walk_on_water_one_cm":3385,"minecraft:time_since_death":60602,"minecraft:sleep_in_bed":1,"minecraft:climb_one_cm":1205,"minecraft:fall_one_cm":51739},"minecraft:dropped":{"minecraft:enchanted_book":4,"minecraft:wheat_seeds":1,"pixelmon:boulder":2,"minecraft:chicken":1,"minecraft:feather":2},"minecraft:crafted":{"minecraft:crafting_table":1,"minecraft:spruce_planks":20,"minecraft:spruce_boat":1},"minecraft:mined":{"minecraft:sweet_berry_bush":6,"minecraft:spruce_log":5,"pixelmon:unown_block_l":1,"minecraft:grass_block":8,"minecraft:dirt":9,"minecraft:sand":11,"minecraft:sugar_cane":4,"pixelmon:boulder":1,"minecraft:fern":1,"pixelmon:relic_vase":1}},"DataVersion":2586}