{"stats":{"minecraft:dropped":{"pixelmon:boulder":2,"minecraft:chicken":1,"minecraft:feather":2},"minecraft:custom":{"minecraft:time_since_rest":49179,"minecraft:sprint_one_cm":123708,"minecraft:damage_taken":380,"minecraft:walk_one_cm":67971,"minecraft:drop":5,"minecraft:damage_dealt":123,"minecraft:fly_one_cm":261096,"minecraft:swim_one_cm":6644,"minecraft:interact_with_crafting_table":1,"minecraft:open_chest":2,"minecraft:open_barrel":1,"minecraft:crouch_one_cm":3211,"minecraft:play_one_minute":49179,"minecraft:interact_with_loom":1,"minecraft:sneak_time":1075,"minecraft:walk_under_water_one_cm":712,"minecraft:boat_one_cm":89041,"minecraft:jump":1010,"minecraft:leave_game":2,"minecraft:walk_on_water_one_cm":2626,"minecraft:time_since_death":49179,"minecraft:climb_one_cm":1205,"minecraft:fall_one_cm":34524},"minecraft:picked_up":{"minecraft:feather":2,"minecraft:chicken":1,"minecraft:sweet_berries":15,"minecraft:sand":9,"pixelmon:unown_block_l":1,"minecraft:spruce_log":5,"minecraft:dirt":17,"minecraft:spruce_boat":1,"minecraft:wheat_seeds":1,"minecraft:bell":1,"pixelmon:boulder":2},"minecraft:crafted":{"minecraft:crafting_table":1,"minecraft:spruce_planks":20,"minecraft:spruce_boat":1},"minecraft:mined":{"minecraft:sweet_berry_bush":6,"minecraft:spruce_log":5,"pixelmon:unown_block_l":1,"minecraft:grass_block":8,"minecraft:sand":10,"minecraft:dirt":9,"pixelmon:boulder":1,"minecraft:fern":1},"minecraft:used":{"minecraft:spruce_boat":2,"pixelmon:unown_block_l":1,"minecraft:bell":1,"minecraft:sand":9,"minecraft:dirt":17,"minecraft:sweet_berries":15,"minecraft:crafting_table":1}},"DataVersion":2586}