{
  "minecraft:recipes/tools/fishing_rod": {
    "criteria": {
      "has_string": "2024-09-27 03:00:33 +0000"
    },
    "done": true
  },
  "minecraft:recipes/tools/wooden_axe": {
    "criteria": {
      "has_the_recipe": "2024-09-27 02:46:24 +0000"
    },
    "done": true
  },
  "pixelmon:recipes/decor/water_float/black_water_float": {
    "criteria": {
      "has_slime": "2024-09-27 02:59:35 +0000"
    },
    "done": true
  },
  "pixelmon:recipes/machines/trade_machine/trade_holder_left": {
    "criteria": {
      "has_poke_ball": "2024-09-27 02:53:54 +0000"
    },
    "done": true
  },
  "minecraft:recipes/decorations/spruce_sign": {
    "criteria": {
      "has_spruce_planks": "2024-09-27 02:45:22 +0000"
    },
    "done": true
  },
  "minecraft:recipes/redstone/lever": {
    "criteria": {
      "has_cobblestone": "2024-09-27 02:53:53 +0000"
    },
    "done": true
  },
  "pixelmon:recipes/decor/berry_structures/yellow_berry_wood_button": {
    "criteria": {
      "has_planks": "2024-09-27 02:53:42 +0000"
    },
    "done": true
  },
  "minecraft:recipes/building_blocks/cobblestone_stairs_from_cobblestone_stonecutting": {
    "criteria": {
      "has_cobblestone": "2024-09-27 02:53:53 +0000"
    },
    "done": true
  },
  "pixelmon:recipes/infuser/medicine/skitty_smoothie": {
    "criteria": {
      "has_berry": "2024-09-27 03:05:39 +0000"
    },
    "done": true
  },
  "pixelmon:recipes/decor/water_float/white_water_float": {
    "criteria": {
      "has_slime": "2024-09-27 02:59:35 +0000"
    },
    "done": true
  },
  "pixelmon:recipes/decor/water_float/white_water_float_dyed": {
    "criteria": {
      "has_the_recipe": "2024-09-27 02:59:35 +0000"
    },
    "done": true
  },
  "pixelmon:recipes/decor/water_float/blue_water_float": {
    "criteria": {
      "has_slime": "2024-09-27 02:59:35 +0000"
    },
    "done": true
  },
  "pixelmon:recipes/pokeball/base/platinum_base": {
    "criteria": {
      "has_ingot": "2024-09-27 02:26:16 +0000"
    },
    "done": true
  },
  "pixelmon:recipes/decor/bench/spruce_bench": {
    "criteria": {
      "has_planks": "2024-09-27 02:45:22 +0000"
    },
    "done": true
  },
  "minecraft:recipes/redstone/spruce_door": {
    "criteria": {
      "has_planks": "2024-09-27 02:45:22 +0000"
    },
    "done": true
  },
  "pixelmon:recipes/decor/water_float/light_blue_water_float": {
    "criteria": {
      "has_slime": "2024-09-27 02:59:35 +0000"
    },
    "done": true
  },
  "minecraft:recipes/food/cooked_salmon_from_smoking": {
    "criteria": {
      "has_salmon": "2024-09-27 02:47:45 +0000"
    },
    "done": true
  },
  "minecraft:recipes/decorations/loom": {
    "criteria": {
      "has_string": "2024-09-27 03:00:33 +0000"
    },
    "done": true
  },
  "pixelmon:recipes/pokeball/lid/ultra_ball_lid": {
    "criteria": {
      "has_apricorn": "2024-09-27 02:52:41 +0000"
    },
    "done": true
  },
  "pixelmon:recipes/pokeball/lid/repeat_ball_lid": {
    "criteria": {
      "has_poke_ball": "2024-09-27 02:53:54 +0000"
    },
    "done": true
  },
  "minecraft:recipes/redstone/spruce_fence_gate": {
    "criteria": {
      "has_planks": "2024-09-27 02:45:22 +0000"
    },
    "done": true
  },
  "pixelmon:recipes/pokeball/lid/friend_ball_lid": {
    "criteria": {
      "has_poke_ball": "2024-09-27 02:53:54 +0000"
    },
    "done": true
  },
  "minecraft:recipes/decorations/crafting_table": {
    "criteria": {
      "has_planks": "2024-09-27 02:45:22 +0000"
    },
    "done": true
  },
  "minecraft:recipes/decorations/campfire": {
    "criteria": {
      "has_stick": "2024-09-27 02:46:27 +0000"
    },
    "done": true
  },
  "pixelmon:recipes/decor/water_float/magenta_water_float": {
    "criteria": {
      "has_slime": "2024-09-27 02:59:35 +0000"
    },
    "done": true
  },
  "pixelmon:recipes/pokeball/lid/net_ball_lid": {
    "criteria": {
      "has_poke_ball": "2024-09-27 02:53:54 +0000"
    },
    "done": true
  },
  "minecraft:recipes/decorations/ladder": {
    "criteria": {
      "has_stick": "2024-09-27 02:46:27 +0000"
    },
    "done": true
  },
  "minecraft:recipes/decorations/chest": {
    "criteria": {
      "has_lots_of_items": "2024-09-27 02:52:46 +0000"
    },
    "done": true
  },
  "pixelmon:recipes/decor/berry_structures/yellow_berry_wood_fence_gate": {
    "criteria": {
      "has_planks": "2024-09-27 02:53:42 +0000"
    },
    "done": true
  },
  "pixelmon:wild_battle_victories/wild_battle_victory_trigger": {
    "criteria": {
      "wild_battle_victory_trigger": "2024-09-27 02:42:17 +0000"
    },
    "done": true
  },
  "minecraft:recipes/redstone/spruce_button": {
    "criteria": {
      "has_planks": "2024-09-27 02:45:22 +0000"
    },
    "done": true
  },
  "minecraft:recipes/tools/wooden_shovel": {
    "criteria": {
      "has_stick": "2024-09-27 02:46:27 +0000"
    },
    "done": true
  },
  "pixelmon:recipes/equipment/movement/old_running_boots": {
    "criteria": {
      "has_feather": "2024-09-27 02:42:21 +0000"
    },
    "done": true
  },
  "minecraft:recipes/decorations/torch": {
    "criteria": {
      "has_stone_pickaxe": "2024-09-27 02:54:54 +0000"
    },
    "done": true
  },
  "pixelmon:recipes/decor/berry_structures/yellow_berry_wood_pressure_plate": {
    "criteria": {
      "has_planks": "2024-09-27 02:53:42 +0000"
    },
    "done": true
  },
  "pixelmon:recipes/decor/berry_structures/yellow_berry_wood_stairs": {
    "criteria": {
      "has_planks": "2024-09-27 02:53:42 +0000"
    },
    "done": true
  },
  "pixelmon:recipes/pokeball/lid/lure_ball_lid": {
    "criteria": {
      "has_poke_ball": "2024-09-27 02:53:54 +0000"
    },
    "done": true
  },
  "pixelmon:recipes/furnace/black_apricorn": {
    "criteria": {
      "has_apricorn": "2024-09-27 02:59:50 +0000"
    },
    "done": true
  },
  "minecraft:recipes/combat/arrow": {
    "criteria": {
      "has_feather": "2024-09-27 02:42:21 +0000"
    },
    "done": true
  },
  "minecraft:recipes/misc/stick": {
    "criteria": {
      "has_planks": "2024-09-27 02:45:22 +0000"
    },
    "done": true
  },
  "minecraft:recipes/building_blocks/spruce_wood": {
    "criteria": {
      "has_log": "2024-09-27 02:45:15 +0000"
    },
    "done": true
  },
  "minecraft:recipes/building_blocks/coal_block": {
    "criteria": {
      "has_coal": "2024-09-27 02:54:44 +0000"
    },
    "done": true
  },
  "pixelmon:recipes/infuser/incense/all_incense": {
    "criteria": {
      "has_the_recipe": "2024-09-27 02:54:44 +0000"
    },
    "done": true
  },
  "pixelmon:recipes/decor/terrain/poke_dirt": {
    "criteria": {
      "has_dirt": "2024-09-27 03:03:42 +0000"
    },
    "done": true
  },
  "minecraft:recipes/transportation/spruce_boat": {
    "criteria": {
      "in_water": "2024-09-27 02:42:22 +0000"
    },
    "done": true
  },
  "pixelmon:recipes/pokeball/lid/premier_ball_lid": {
    "criteria": {
      "has_poke_ball": "2024-09-27 02:53:54 +0000"
    },
    "done": true
  },
  "pixelmon:recipes/pokeball/lid/quick_ball_lid": {
    "criteria": {
      "has_poke_ball": "2024-09-27 02:53:54 +0000"
    },
    "done": true
  },
  "pixelmon:recipes/infuser/juice/colorful_juice": {
    "criteria": {
      "has_juice_berry_1": "2024-09-27 03:05:39 +0000"
    },
    "done": true
  },
  "minecraft:recipes/combat/wooden_sword": {
    "criteria": {
      "has_stick": "2024-09-27 02:46:27 +0000"
    },
    "done": true
  },
  "minecraft:recipes/tools/stone_shovel": {
    "criteria": {
      "has_cobblestone": "2024-09-27 02:53:53 +0000"
    },
    "done": true
  },
  "pixelmon:recipes/pokeball/lid/dusk_ball_lid": {
    "criteria": {
      "has_poke_ball": "2024-09-27 02:53:54 +0000"
    },
    "done": true
  },
  "pixelmon:recipes/decor/water_float/orange_water_float_dyed": {
    "criteria": {
      "has_the_recipe": "2024-09-27 02:59:35 +0000"
    },
    "done": true
  },
  "pixelmon:recipes/infuser/medicine/roserade_tea": {
    "criteria": {
      "has_berry": "2024-09-27 03:05:39 +0000"
    },
    "done": true
  },
  "pixelmon:recipes/pokeball/lid/heavy_ball_lid": {
    "criteria": {
      "has_poke_ball": "2024-09-27 02:53:54 +0000"
    },
    "done": true
  },
  "pixelmon:recipes/decor/berry_structures/red_berry_wood_planks_dyed": {
    "criteria": {
      "has_planks": "2024-09-27 02:53:42 +0000"
    },
    "done": true
  },
  "pixelmon:recipes/pokeball/lid/safari_ball_lid": {
    "criteria": {
      "has_poke_ball": "2024-09-27 02:53:54 +0000"
    },
    "done": true
  },
  "pixelmon:recipes/equipment/badgecase/greenbadgecase": {
    "criteria": {
      "has_apricorn": "2024-09-27 02:52:41 +0000"
    },
    "done": true
  },
  "minecraft:recipes/building_blocks/spruce_slab": {
    "criteria": {
      "has_planks": "2024-09-27 02:45:22 +0000"
    },
    "done": true
  },
  "pixelmon:recipes/decor/berry_structures/yellow_berry_wood_sign": {
    "criteria": {
      "has_planks": "2024-09-27 02:53:42 +0000"
    },
    "done": true
  },
  "pixelmon:recipes/furnace/red_apricorn": {
    "criteria": {
      "has_apricorn": "2024-09-27 03:00:17 +0000"
    },
    "done": true
  },
  "pixelmon:recipes/decor/household_items/mug_ball": {
    "criteria": {
      "has_poke_ball": "2024-09-27 02:53:54 +0000"
    },
    "done": true
  },
  "pixelmon:recipes/pokeball/lid/poke_ball_lid": {
    "criteria": {
      "has_apricorn": "2024-09-27 02:52:41 +0000"
    },
    "done": true
  },
  "pixelmon:recipes/pokeball/lid/luxury_ball_lid": {
    "criteria": {
      "has_poke_ball": "2024-09-27 02:53:54 +0000"
    },
    "done": true
  },
  "pixelmon:recipes/pokeball/lid/moon_ball_lid": {
    "criteria": {
      "has_poke_ball": "2024-09-27 02:53:54 +0000"
    },
    "done": true
  },
  "minecraft:husbandry/balanced_diet": {
    "criteria": {
      "sweet_berries": "2024-09-27 02:27:32 +0000"
    },
    "done": false
  },
  "minecraft:recipes/tools/wooden_hoe": {
    "criteria": {
      "has_stick": "2024-09-27 02:46:27 +0000"
    },
    "done": true
  },
  "pixelmon:recipes/pokeball/lid/fast_ball_lid": {
    "criteria": {
      "has_poke_ball": "2024-09-27 02:53:54 +0000"
    },
    "done": true
  },
  "minecraft:recipes/building_blocks/cobblestone_slab": {
    "criteria": {
      "has_cobblestone": "2024-09-27 02:53:53 +0000"
    },
    "done": true
  },
  "pixelmon:recipes/decor/household_items/end_table": {
    "criteria": {
      "has_crafting_table": "2024-09-27 02:46:17 +0000"
    },
    "done": true
  },
  "minecraft:recipes/tools/lead": {
    "criteria": {
      "has_slime_ball": "2024-09-27 02:59:35 +0000"
    },
    "done": true
  },
  "minecraft:recipes/food/cooked_cod": {
    "criteria": {
      "has_cod": "2024-09-27 02:43:57 +0000"
    },
    "done": true
  },
  "pixelmon:pokedex/pokedex_trigger": {
    "criteria": {
      "pokedex_base": "2024-09-27 02:24:17 +0000"
    },
    "done": true
  },
  "minecraft:recipes/redstone/tripwire_hook": {
    "criteria": {
      "has_string": "2024-09-27 03:00:33 +0000"
    },
    "done": true
  },
  "minecraft:recipes/building_blocks/cobblestone_stairs": {
    "criteria": {
      "has_cobblestone": "2024-09-27 02:53:53 +0000"
    },
    "done": true
  },
  "pixelmon:recipes/decor/water_float/yellow_water_float": {
    "criteria": {
      "has_slime": "2024-09-27 02:59:35 +0000"
    },
    "done": true
  },
  "pixelmon:recipes/pokeball/lid/sport_ball_lid": {
    "criteria": {
      "has_poke_ball": "2024-09-27 02:53:54 +0000"
    },
    "done": true
  },
  "pixelmon:recipes/equipment/badgecase/redbadgecase": {
    "criteria": {
      "has_apricorn": "2024-09-27 03:00:17 +0000"
    },
    "done": true
  },
  "minecraft:recipes/food/cooked_salmon": {
    "criteria": {
      "has_salmon": "2024-09-27 02:47:45 +0000"
    },
    "done": true
  },
  "pixelmon:recipes/decor/berry_structures/purple_berry_wood_planks_dyed": {
    "criteria": {
      "has_planks": "2024-09-27 02:53:42 +0000"
    },
    "done": true
  },
  "minecraft:story/root": {
    "criteria": {
      "crafting_table": "2024-09-27 02:46:17 +0000"
    },
    "done": true
  },
  "pixelmon:recipes/decor/berry_structures/yellow_berry_wood_door": {
    "criteria": {
      "has_planks": "2024-09-27 02:53:42 +0000"
    },
    "done": true
  },
  "minecraft:recipes/combat/crossbow": {
    "criteria": {
      "has_stick": "2024-09-27 02:46:27 +0000"
    },
    "done": true
  },
  "pixelmon:recipes/machines/trade_machine/trade_panel": {
    "criteria": {
      "has_poke_ball": "2024-09-27 02:53:54 +0000"
    },
    "done": true
  },
  "pixelmon:recipes/decor/water_float/brown_water_float": {
    "criteria": {
      "has_slime": "2024-09-27 02:59:35 +0000"
    },
    "done": true
  },
  "minecraft:recipes/redstone/spruce_pressure_plate": {
    "criteria": {
      "has_planks": "2024-09-27 02:45:22 +0000"
    },
    "done": true
  },
  "pixelmon:recipes/decor/water_float/pink_water_float_dyed": {
    "criteria": {
      "has_the_recipe": "2024-09-27 02:59:35 +0000"
    },
    "done": true
  },
  "pixelmon:recipes/pokeball/lid/love_ball_lid": {
    "criteria": {
      "has_poke_ball": "2024-09-27 02:53:54 +0000"
    },
    "done": true
  },
  "pixelmon:recipes/decor/water_float/orange_water_float": {
    "criteria": {
      "has_slime": "2024-09-27 02:59:35 +0000"
    },
    "done": true
  },
  "pixelmon:recipes/decor/water_float/black_water_float_dyed": {
    "criteria": {
      "has_the_recipe": "2024-09-27 02:59:35 +0000"
    },
    "done": true
  },
  "minecraft:recipes/combat/bow": {
    "criteria": {
      "has_string": "2024-09-27 03:00:33 +0000"
    },
    "done": true
  },
  "pixelmon:recipes/decor/water_float/blue_water_float_dyed": {
    "criteria": {
      "has_the_recipe": "2024-09-27 02:59:35 +0000"
    },
    "done": true
  },
  "pixelmon:recipes/machines/trade_machine/trade_holder_right": {
    "criteria": {
      "has_poke_ball": "2024-09-27 02:53:54 +0000"
    },
    "done": true
  },
  "pixelmon:recipes/pokeball/base/aluminum_base": {
    "criteria": {
      "has_ingot": "2024-09-27 02:26:16 +0000"
    },
    "done": true
  },
  "pixelmon:recipes/furnace/green_apricorn": {
    "criteria": {
      "has_apricorn": "2024-09-27 02:52:41 +0000"
    },
    "done": true
  },
  "pixelmon:recipes/pokeball/base/iron_base": {
    "criteria": {
      "has_ingot": "2024-09-27 02:26:16 +0000"
    },
    "done": true
  },
  "pixelmon:recipes/decor/berry_structures/blue_berry_wood_planks_dyed": {
    "criteria": {
      "has_planks": "2024-09-27 02:53:42 +0000"
    },
    "done": true
  },
  "pixelmon:recipes/pokeball/lid/timer_ball_lid": {
    "criteria": {
      "has_poke_ball": "2024-09-27 02:53:54 +0000"
    },
    "done": true
  },
  "pixelmon:recipes/equipment/badgecase/blackbadgecase": {
    "criteria": {
      "has_apricorn": "2024-09-27 02:59:50 +0000"
    },
    "done": true
  },
  "minecraft:recipes/redstone/sticky_piston": {
    "criteria": {
      "has_slime_ball": "2024-09-27 02:59:35 +0000"
    },
    "done": true
  },
  "pixelmon:recipes/pokeball/base/wooden_base": {
    "criteria": {
      "has_slab": "2024-09-27 02:26:16 +0000"
    },
    "done": true
  },
  "minecraft:story/mine_stone": {
    "criteria": {
      "get_stone": "2024-09-27 02:53:53 +0000"
    },
    "done": true
  },
  "minecraft:recipes/building_blocks/stone": {
    "criteria": {
      "has_cobblestone": "2024-09-27 02:53:53 +0000"
    },
    "done": true
  },
  "minecraft:recipes/decorations/furnace": {
    "criteria": {
      "has_cobblestone": "2024-09-27 02:53:53 +0000"
    },
    "done": true
  },
  "pixelmon:recipes/pokeball/lid/level_ball_lid": {
    "criteria": {
      "has_poke_ball": "2024-09-27 02:53:54 +0000"
    },
    "done": true
  },
  "minecraft:adventure/adventuring_time": {
    "criteria": {
      "minecraft:cold_ocean": "2024-09-27 02:42:35 +0000",
      "minecraft:mountains": "2024-09-27 02:47:53 +0000",
      "minecraft:taiga": "2024-09-27 02:22:09 +0000",
      "minecraft:deep_cold_ocean": "2024-09-27 02:46:39 +0000",
      "minecraft:taiga_hills": "2024-09-27 02:26:37 +0000",
      "minecraft:desert": "2024-09-27 03:06:28 +0000",
      "minecraft:beach": "2024-09-27 02:42:00 +0000",
      "minecraft:river": "2024-09-27 02:43:28 +0000",
      "minecraft:birch_forest_hills": "2024-09-27 03:08:14 +0000",
      "minecraft:wooded_mountains": "2024-09-27 02:56:45 +0000",
      "minecraft:stone_shore": "2024-09-27 02:46:58 +0000"
    },
    "done": false
  },
  "pixelmon:recipes/machines/trade_machine/trade_monitor": {
    "criteria": {
      "has_poke_ball": "2024-09-27 02:53:54 +0000"
    },
    "done": true
  },
  "minecraft:recipes/misc/charcoal": {
    "criteria": {
      "has_log": "2024-09-27 02:45:15 +0000"
    },
    "done": true
  },
  "minecraft:recipes/building_blocks/spruce_planks": {
    "criteria": {
      "has_logs": "2024-09-27 02:45:15 +0000"
    },
    "done": true
  },
  "pixelmon:recipes/infuser/juice/red_juice": {
    "criteria": {
      "has_red_juice_berry_1": "2024-09-27 03:05:39 +0000"
    },
    "done": true
  },
  "minecraft:recipes/tools/wooden_pickaxe": {
    "criteria": {
      "has_stick": "2024-09-27 02:46:27 +0000"
    },
    "done": true
  },
  "minecraft:recipes/building_blocks/cobblestone_slab_from_cobblestone_stonecutting": {
    "criteria": {
      "has_cobblestone": "2024-09-27 02:53:53 +0000"
    },
    "done": true
  },
  "minecraft:husbandry/root": {
    "criteria": {
      "consumed_item": "2024-09-27 02:27:32 +0000"
    },
    "done": true
  },
  "pixelmon:recipes/decor/water_float/purple_water_float": {
    "criteria": {
      "has_slime": "2024-09-27 02:59:35 +0000"
    },
    "done": true
  },
  "pixelmon:recipes/incense_burner": {
    "criteria": {
      "has_coal": "2024-09-27 02:54:44 +0000"
    },
    "done": true
  },
  "minecraft:recipes/transportation/birch_boat": {
    "criteria": {
      "in_water": "2024-09-27 02:42:22 +0000"
    },
    "done": true
  },
  "minecraft:recipes/combat/stone_sword": {
    "criteria": {
      "has_cobblestone": "2024-09-27 02:53:53 +0000"
    },
    "done": true
  },
  "minecraft:recipes/decorations/cobblestone_wall": {
    "criteria": {
      "has_cobblestone": "2024-09-27 02:53:53 +0000"
    },
    "done": true
  },
  "minecraft:recipes/decorations/barrel": {
    "criteria": {
      "has_planks": "2024-09-27 02:45:22 +0000"
    },
    "done": true
  },
  "pixelmon:recipes/decor/water_float/purple_water_float_dyed": {
    "criteria": {
      "has_the_recipe": "2024-09-27 02:59:35 +0000"
    },
    "done": true
  },
  "minecraft:recipes/transportation/acacia_boat": {
    "criteria": {
      "in_water": "2024-09-27 02:42:22 +0000"
    },
    "done": true
  },
  "minecraft:recipes/tools/stone_pickaxe": {
    "criteria": {
      "has_cobblestone": "2024-09-27 02:53:53 +0000"
    },
    "done": true
  },
  "pixelmon:recipes/decor/berry_structures/yellow_berry_wood_trapdoor": {
    "criteria": {
      "has_planks": "2024-09-27 02:53:42 +0000"
    },
    "done": true
  },
  "minecraft:recipes/transportation/jungle_boat": {
    "criteria": {
      "in_water": "2024-09-27 02:42:22 +0000"
    },
    "done": true
  },
  "pixelmon:recipes/equipment/old_rod": {
    "criteria": {
      "has_string": "2024-09-27 03:00:33 +0000"
    },
    "done": true
  },
  "minecraft:recipes/food/cooked_salmon_from_campfire_cooking": {
    "criteria": {
      "has_salmon": "2024-09-27 02:47:45 +0000"
    },
    "done": true
  },
  "minecraft:recipes/decorations/cobblestone_wall_from_cobblestone_stonecutting": {
    "criteria": {
      "has_cobblestone": "2024-09-27 02:53:53 +0000"
    },
    "done": true
  },
  "pixelmon:recipes/decor/water_float/light_gray_water_float": {
    "criteria": {
      "has_slime": "2024-09-27 02:59:35 +0000"
    },
    "done": true
  },
  "pixelmon:recipes/decor/berry_structures/green_berry_wood_planks_dyed": {
    "criteria": {
      "has_planks": "2024-09-27 02:53:42 +0000"
    },
    "done": true
  },
  "pixelmon:recipes/pokeball/lid/heal_ball_lid": {
    "criteria": {
      "has_apricorn": "2024-09-27 02:52:41 +0000"
    },
    "done": true
  },
  "minecraft:recipes/building_blocks/white_wool_from_string": {
    "criteria": {
      "has_string": "2024-09-27 03:00:33 +0000"
    },
    "done": true
  },
  "minecraft:recipes/tools/stone_hoe": {
    "criteria": {
      "has_cobblestone": "2024-09-27 02:53:53 +0000"
    },
    "done": true
  },
  "minecraft:recipes/decorations/spruce_fence": {
    "criteria": {
      "has_planks": "2024-09-27 02:45:22 +0000"
    },
    "done": true
  },
  "minecraft:recipes/transportation/dark_oak_boat": {
    "criteria": {
      "in_water": "2024-09-27 02:42:22 +0000"
    },
    "done": true
  },
  "pixelmon:recipes/decor/water_float/cyan_water_float_dyed": {
    "criteria": {
      "has_the_recipe": "2024-09-27 02:59:35 +0000"
    },
    "done": true
  },
  "pixelmon:recipes/pokeball/base/silver_base": {
    "criteria": {
      "has_ingot": "2024-09-27 02:26:16 +0000"
    },
    "done": true
  },
  "pixelmon:recipes/decor/water_float/green_water_float_dyed": {
    "criteria": {
      "has_the_recipe": "2024-09-27 02:59:35 +0000"
    },
    "done": true
  },
  "pixelmon:recipes/decor/berry_structures/yellow_berry_wood_slab": {
    "criteria": {
      "has_planks": "2024-09-27 02:53:42 +0000"
    },
    "done": true
  },
  "pixelmon:recipes/decor/water_float/pink_water_float": {
    "criteria": {
      "has_slime": "2024-09-27 02:59:35 +0000"
    },
    "done": true
  },
  "pixelmon:recipes/decor/berry_structures/yellow_berry_wood_planks": {
    "criteria": {
      "has_log": "2024-09-27 02:52:46 +0000"
    },
    "done": true
  },
  "pixelmon:recipes/decor/berry_structures/yellow_berry_wood_boat": {
    "criteria": {
      "has_planks": "2024-09-27 02:53:42 +0000"
    },
    "done": true
  },
  "pixelmon:recipes/decor/water_float/red_water_float_dyed": {
    "criteria": {
      "has_the_recipe": "2024-09-27 02:59:35 +0000"
    },
    "done": true
  },
  "pixelmon:recipes/decor/berry_structures/pink_berry_wood_planks_dyed": {
    "criteria": {
      "has_planks": "2024-09-27 02:53:42 +0000"
    },
    "done": true
  },
  "pixelmon:recipes/decor/water_float/brown_water_float_dyed": {
    "criteria": {
      "has_the_recipe": "2024-09-27 02:59:35 +0000"
    },
    "done": true
  },
  "pixelmon:recipes/decor/water_float/gray_water_float_dyed": {
    "criteria": {
      "has_the_recipe": "2024-09-27 02:59:35 +0000"
    },
    "done": true
  },
  "pixelmon:recipes/decor/water_float/lime_water_float": {
    "criteria": {
      "has_slime": "2024-09-27 02:59:35 +0000"
    },
    "done": true
  },
  "minecraft:recipes/food/cooked_cod_from_smoking": {
    "criteria": {
      "has_cod": "2024-09-27 02:43:57 +0000"
    },
    "done": true
  },
  "minecraft:recipes/building_blocks/spruce_stairs": {
    "criteria": {
      "has_planks": "2024-09-27 02:45:22 +0000"
    },
    "done": true
  },
  "pixelmon:recipes/decor/household_items/glass_table": {
    "criteria": {
      "has_planks": "2024-09-27 02:45:22 +0000"
    },
    "done": true
  },
  "pixelmon:recipes/decor/water_float/gray_water_float": {
    "criteria": {
      "has_slime": "2024-09-27 02:59:35 +0000"
    },
    "done": true
  },
  "minecraft:recipes/redstone/spruce_trapdoor": {
    "criteria": {
      "has_planks": "2024-09-27 02:45:22 +0000"
    },
    "done": true
  },
  "pixelmon:recipes/equipment/vanilla/wooden_hammer": {
    "criteria": {
      "has_planks": "2024-09-27 02:45:22 +0000"
    },
    "done": true
  },
  "pixelmon:recipes/decor/building_infrastructure/bridge_block": {
    "criteria": {
      "has_logs": "2024-09-27 02:45:15 +0000"
    },
    "done": true
  },
  "pixelmon:recipes/pokeball/lid/great_ball_lid": {
    "criteria": {
      "has_apricorn": "2024-09-27 02:52:41 +0000"
    },
    "done": true
  },
  "pixelmon:recipes/decor/water_float/red_water_float": {
    "criteria": {
      "has_slime": "2024-09-27 02:59:35 +0000"
    },
    "done": true
  },
  "minecraft:recipes/decorations/slime_block": {
    "criteria": {
      "has_slime_ball": "2024-09-27 02:59:35 +0000"
    },
    "done": true
  },
  "pixelmon:recipes/decor/water_float/green_water_float": {
    "criteria": {
      "has_slime": "2024-09-27 02:59:35 +0000"
    },
    "done": true
  },
  "pixelmon:recipes/pokeball/lid/nest_ball_lid": {
    "criteria": {
      "has_apricorn": "2024-09-27 02:52:41 +0000"
    },
    "done": true
  },
  "minecraft:story/upgrade_tools": {
    "criteria": {
      "stone_pickaxe": "2024-09-27 02:54:54 +0000"
    },
    "done": true
  },
  "pixelmon:recipes/equipment/vanilla/stone_hammer": {
    "criteria": {
      "has_cobblestone": "2024-09-27 02:53:53 +0000"
    },
    "done": true
  },
  "pixelmon:recipes/decor/berry_structures/yellow_berry_wood_fence": {
    "criteria": {
      "has_planks": "2024-09-27 02:53:42 +0000"
    },
    "done": true
  },
  "minecraft:recipes/transportation/oak_boat": {
    "criteria": {
      "in_water": "2024-09-27 02:42:22 +0000"
    },
    "done": true
  },
  "minecraft:recipes/decorations/soul_campfire": {
    "criteria": {
      "has_stick": "2024-09-27 02:46:27 +0000"
    },
    "done": true
  },
  "pixelmon:recipes/decor/water_float/cyan_water_float": {
    "criteria": {
      "has_slime": "2024-09-27 02:59:35 +0000"
    },
    "done": true
  },
  "minecraft:recipes/food/cooked_cod_from_campfire_cooking": {
    "criteria": {
      "has_cod": "2024-09-27 02:43:57 +0000"
    },
    "done": true
  },
  "minecraft:recipes/tools/stone_axe": {
    "criteria": {
      "has_cobblestone": "2024-09-27 02:53:53 +0000"
    },
    "done": true
  },
  "pixelmon:recipes/pokeball/lid/dive_ball_lid": {
    "criteria": {
      "has_poke_ball": "2024-09-27 02:53:54 +0000"
    },
    "done": true
  },
  "pixelmon:recipes/decor/water_float/yellow_water_float_dyed": {
    "criteria": {
      "has_the_recipe": "2024-09-27 02:59:35 +0000"
    },
    "done": true
  },
  "DataVersion": 2586
}