{
  "pixelmon:recipes/machines/trade_machine/trade_holder_left": {
    "criteria": {
      "has_poke_ball": "2024-09-27 02:53:54 +0000"
    },
    "done": true
  },
  "minecraft:recipes/decorations/spruce_sign": {
    "criteria": {
      "has_spruce_planks": "2024-09-27 02:46:24 +0000"
    },
    "done": true
  },
  "minecraft:recipes/building_blocks/magenta_concrete_powder": {
    "criteria": {
      "has_sand": "2024-09-27 02:52:20 +0000"
    },
    "done": true
  },
  "pixelmon:recipes/infuser/medicine/skitty_smoothie": {
    "criteria": {
      "has_moomoo_milk": "2024-09-27 02:48:08 +0000"
    },
    "done": true
  },
  "pixelmon:recipes/pokeball/base/platinum_base": {
    "criteria": {
      "has_ingot": "2024-09-27 02:24:50 +0000"
    },
    "done": true
  },
  "pixelmon:recipes/decor/bench/spruce_bench": {
    "criteria": {
      "has_planks": "2024-09-27 02:46:24 +0000"
    },
    "done": true
  },
  "minecraft:recipes/redstone/spruce_door": {
    "criteria": {
      "has_planks": "2024-09-27 02:46:24 +0000"
    },
    "done": true
  },
  "pixelmon:recipes/pokeball/lid/repeat_ball_lid": {
    "criteria": {
      "has_poke_ball": "2024-09-27 02:53:54 +0000"
    },
    "done": true
  },
  "minecraft:recipes/building_blocks/lime_concrete_powder": {
    "criteria": {
      "has_sand": "2024-09-27 02:52:20 +0000"
    },
    "done": true
  },
  "minecraft:recipes/building_blocks/yellow_concrete_powder": {
    "criteria": {
      "has_sand": "2024-09-27 02:52:20 +0000"
    },
    "done": true
  },
  "minecraft:recipes/redstone/spruce_fence_gate": {
    "criteria": {
      "has_planks": "2024-09-27 02:46:24 +0000"
    },
    "done": true
  },
  "pixelmon:recipes/pokeball/lid/friend_ball_lid": {
    "criteria": {
      "has_poke_ball": "2024-09-27 02:53:54 +0000"
    },
    "done": true
  },
  "minecraft:recipes/decorations/crafting_table": {
    "criteria": {
      "has_planks": "2024-09-27 02:46:24 +0000"
    },
    "done": true
  },
  "pixelmon:recipes/pokeball/lid/net_ball_lid": {
    "criteria": {
      "has_poke_ball": "2024-09-27 02:53:54 +0000"
    },
    "done": true
  },
  "pixelmon:recipes/decor/unown/unown_block_exclaim": {
    "criteria": {
      "has_unown_block": "2024-09-27 02:51:07 +0000"
    },
    "done": true
  },
  "minecraft:recipes/decorations/chest": {
    "criteria": {
      "has_lots_of_items": "2024-09-27 03:04:41 +0000"
    },
    "done": true
  },
  "minecraft:recipes/building_blocks/brown_concrete_powder": {
    "criteria": {
      "has_sand": "2024-09-27 02:52:20 +0000"
    },
    "done": true
  },
  "pixelmon:wild_battle_victories/wild_battle_victory_trigger": {
    "criteria": {
      "wild_battle_victory_trigger": "2024-09-27 02:43:17 +0000"
    },
    "done": true
  },
  "minecraft:recipes/redstone/spruce_button": {
    "criteria": {
      "has_planks": "2024-09-27 02:46:24 +0000"
    },
    "done": true
  },
  "pixelmon:recipes/equipment/movement/old_running_boots": {
    "criteria": {
      "has_feather": "2024-09-27 02:43:22 +0000"
    },
    "done": true
  },
  "pixelmon:recipes/pokeball/lid/lure_ball_lid": {
    "criteria": {
      "has_poke_ball": "2024-09-27 02:53:54 +0000"
    },
    "done": true
  },
  "minecraft:recipes/combat/arrow": {
    "criteria": {
      "has_feather": "2024-09-27 02:43:22 +0000"
    },
    "done": true
  },
  "minecraft:recipes/misc/stick": {
    "criteria": {
      "has_planks": "2024-09-27 02:46:24 +0000"
    },
    "done": true
  },
  "minecraft:recipes/building_blocks/spruce_wood": {
    "criteria": {
      "has_log": "2024-09-27 02:46:08 +0000"
    },
    "done": true
  },
  "pixelmon:recipes/decor/terrain/poke_dirt": {
    "criteria": {
      "has_dirt": "2024-09-27 02:51:49 +0000"
    },
    "done": true
  },
  "minecraft:recipes/transportation/spruce_boat": {
    "criteria": {
      "in_water": "2024-09-27 02:44:28 +0000"
    },
    "done": true
  },
  "pixelmon:recipes/pokeball/lid/premier_ball_lid": {
    "criteria": {
      "has_poke_ball": "2024-09-27 02:53:54 +0000"
    },
    "done": true
  },
  "pixelmon:recipes/pokeball/lid/quick_ball_lid": {
    "criteria": {
      "has_poke_ball": "2024-09-27 02:53:54 +0000"
    },
    "done": true
  },
  "pixelmon:recipes/pokeball/lid/dusk_ball_lid": {
    "criteria": {
      "has_poke_ball": "2024-09-27 02:53:54 +0000"
    },
    "done": true
  },
  "minecraft:recipes/building_blocks/blue_concrete_powder": {
    "criteria": {
      "has_sand": "2024-09-27 02:52:20 +0000"
    },
    "done": true
  },
  "pixelmon:recipes/pokeball/lid/heavy_ball_lid": {
    "criteria": {
      "has_poke_ball": "2024-09-27 02:53:54 +0000"
    },
    "done": true
  },
  "minecraft:recipes/building_blocks/gray_concrete_powder": {
    "criteria": {
      "has_sand": "2024-09-27 02:52:20 +0000"
    },
    "done": true
  },
  "pixelmon:recipes/pokeball/lid/safari_ball_lid": {
    "criteria": {
      "has_poke_ball": "2024-09-27 02:53:54 +0000"
    },
    "done": true
  },
  "minecraft:recipes/building_blocks/spruce_slab": {
    "criteria": {
      "has_planks": "2024-09-27 02:46:24 +0000"
    },
    "done": true
  },
  "pixelmon:recipes/decor/household_items/mug_ball": {
    "criteria": {
      "has_poke_ball": "2024-09-27 02:53:54 +0000"
    },
    "done": true
  },
  "pixelmon:recipes/pokeball/lid/luxury_ball_lid": {
    "criteria": {
      "has_poke_ball": "2024-09-27 02:53:54 +0000"
    },
    "done": true
  },
  "pixelmon:recipes/pokeball/lid/moon_ball_lid": {
    "criteria": {
      "has_poke_ball": "2024-09-27 02:53:54 +0000"
    },
    "done": true
  },
  "pixelmon:recipes/pokeball/lid/fast_ball_lid": {
    "criteria": {
      "has_poke_ball": "2024-09-27 02:53:54 +0000"
    },
    "done": true
  },
  "pixelmon:recipes/decor/household_items/end_table": {
    "criteria": {
      "has_crafting_table": "2024-09-27 02:46:27 +0000"
    },
    "done": true
  },
  "minecraft:recipes/food/cooked_cod": {
    "criteria": {
      "has_cod": "2024-09-27 03:04:41 +0000"
    },
    "done": true
  },
  "pixelmon:pokedex/pokedex_trigger": {
    "criteria": {
      "pokedex_base": "2024-09-27 02:24:19 +0000"
    },
    "done": true
  },
  "pixelmon:recipes/decor/unown/unown_block_v": {
    "criteria": {
      "has_unown_block": "2024-09-27 02:51:07 +0000"
    },
    "done": true
  },
  "pixelmon:recipes/decor/unown/unown_block_w": {
    "criteria": {
      "has_unown_block": "2024-09-27 02:51:07 +0000"
    },
    "done": true
  },
  "minecraft:recipes/building_blocks/black_concrete_powder": {
    "criteria": {
      "has_sand": "2024-09-27 02:52:20 +0000"
    },
    "done": true
  },
  "pixelmon:recipes/decor/unown/unown_block_t": {
    "criteria": {
      "has_unown_block": "2024-09-27 02:51:07 +0000"
    },
    "done": true
  },
  "pixelmon:recipes/decor/unown/unown_block_u": {
    "criteria": {
      "has_unown_block": "2024-09-27 02:51:07 +0000"
    },
    "done": true
  },
  "pixelmon:recipes/decor/unown/unown_block_r": {
    "criteria": {
      "has_unown_block": "2024-09-27 02:51:07 +0000"
    },
    "done": true
  },
  "pixelmon:recipes/decor/unown/unown_block_s": {
    "criteria": {
      "has_unown_block": "2024-09-27 02:51:07 +0000"
    },
    "done": true
  },
  "pixelmon:recipes/decor/unown/unown_block_p": {
    "criteria": {
      "has_unown_block": "2024-09-27 02:51:07 +0000"
    },
    "done": true
  },
  "pixelmon:recipes/decor/unown/unown_block_q": {
    "criteria": {
      "has_unown_block": "2024-09-27 02:51:07 +0000"
    },
    "done": true
  },
  "pixelmon:recipes/pokeball/lid/sport_ball_lid": {
    "criteria": {
      "has_poke_ball": "2024-09-27 02:53:54 +0000"
    },
    "done": true
  },
  "pixelmon:recipes/decor/unown/unown_block_z": {
    "criteria": {
      "has_unown_block": "2024-09-27 02:51:07 +0000"
    },
    "done": true
  },
  "pixelmon:recipes/decor/unown/unown_block_x": {
    "criteria": {
      "has_unown_block": "2024-09-27 02:51:07 +0000"
    },
    "done": true
  },
  "pixelmon:recipes/decor/unown/unown_block_y": {
    "criteria": {
      "has_unown_block": "2024-09-27 02:51:07 +0000"
    },
    "done": true
  },
  "minecraft:story/root": {
    "criteria": {
      "crafting_table": "2024-09-27 02:46:27 +0000"
    },
    "done": true
  },
  "pixelmon:recipes/decor/unown/unown_block_f": {
    "criteria": {
      "has_unown_block": "2024-09-27 02:51:07 +0000"
    },
    "done": true
  },
  "pixelmon:recipes/decor/unown/unown_block_g": {
    "criteria": {
      "has_unown_block": "2024-09-27 02:51:07 +0000"
    },
    "done": true
  },
  "pixelmon:recipes/decor/unown/unown_block_d": {
    "criteria": {
      "has_unown_block": "2024-09-27 02:51:07 +0000"
    },
    "done": true
  },
  "minecraft:recipes/building_blocks/light_gray_concrete_powder": {
    "criteria": {
      "has_sand": "2024-09-27 02:52:20 +0000"
    },
    "done": true
  },
  "minecraft:recipes/building_blocks/light_blue_concrete_powder": {
    "criteria": {
      "has_sand": "2024-09-27 02:52:20 +0000"
    },
    "done": true
  },
  "pixelmon:recipes/decor/unown/unown_block_e": {
    "criteria": {
      "has_unown_block": "2024-09-27 02:51:07 +0000"
    },
    "done": true
  },
  "pixelmon:recipes/machines/trade_machine/trade_panel": {
    "criteria": {
      "has_poke_ball": "2024-09-27 02:53:54 +0000"
    },
    "done": true
  },
  "pixelmon:recipes/decor/unown/unown_block_b": {
    "criteria": {
      "has_unown_block": "2024-09-27 02:51:07 +0000"
    },
    "done": true
  },
  "minecraft:recipes/redstone/spruce_pressure_plate": {
    "criteria": {
      "has_planks": "2024-09-27 02:46:24 +0000"
    },
    "done": true
  },
  "pixelmon:recipes/decor/unown/unown_block_c": {
    "criteria": {
      "has_unown_block": "2024-09-27 02:51:07 +0000"
    },
    "done": true
  },
  "pixelmon:recipes/decor/unown/unown_block_question": {
    "criteria": {
      "has_unown_block": "2024-09-27 02:51:07 +0000"
    },
    "done": true
  },
  "pixelmon:recipes/decor/unown/unown_block_a": {
    "criteria": {
      "has_unown_block": "2024-09-27 02:51:07 +0000"
    },
    "done": true
  },
  "pixelmon:recipes/decor/unown/unown_block_n": {
    "criteria": {
      "has_unown_block": "2024-09-27 02:51:07 +0000"
    },
    "done": true
  },
  "pixelmon:recipes/decor/unown/unown_block_o": {
    "criteria": {
      "has_unown_block": "2024-09-27 02:51:07 +0000"
    },
    "done": true
  },
  "pixelmon:recipes/decor/unown/unown_block_l": {
    "criteria": {
      "has_unown_block": "2024-09-27 02:51:07 +0000"
    },
    "done": true
  },
  "pixelmon:recipes/decor/unown/unown_block_m": {
    "criteria": {
      "has_unown_block": "2024-09-27 02:51:07 +0000"
    },
    "done": true
  },
  "pixelmon:recipes/decor/unown/unown_block_j": {
    "criteria": {
      "has_unown_block": "2024-09-27 02:51:07 +0000"
    },
    "done": true
  },
  "pixelmon:recipes/pokeball/lid/love_ball_lid": {
    "criteria": {
      "has_poke_ball": "2024-09-27 02:53:54 +0000"
    },
    "done": true
  },
  "pixelmon:recipes/decor/unown/unown_block_k": {
    "criteria": {
      "has_unown_block": "2024-09-27 02:51:07 +0000"
    },
    "done": true
  },
  "minecraft:recipes/building_blocks/glass": {
    "criteria": {
      "has_sand": "2024-09-27 02:52:20 +0000"
    },
    "done": true
  },
  "pixelmon:recipes/decor/unown/unown_block_h": {
    "criteria": {
      "has_unown_block": "2024-09-27 02:51:07 +0000"
    },
    "done": true
  },
  "pixelmon:recipes/decor/unown/unown_block_i": {
    "criteria": {
      "has_unown_block": "2024-09-27 02:51:07 +0000"
    },
    "done": true
  },
  "minecraft:recipes/building_blocks/pink_concrete_powder": {
    "criteria": {
      "has_sand": "2024-09-27 02:52:20 +0000"
    },
    "done": true
  },
  "minecraft:recipes/building_blocks/red_concrete_powder": {
    "criteria": {
      "has_sand": "2024-09-27 02:52:20 +0000"
    },
    "done": true
  },
  "minecraft:recipes/food/cooked_chicken_from_smoking": {
    "criteria": {
      "has_chicken": "2024-09-27 02:45:38 +0000"
    },
    "done": true
  },
  "pixelmon:recipes/infuser/medicine/tapu_cocoa": {
    "criteria": {
      "has_moomoo_milk": "2024-09-27 02:48:08 +0000"
    },
    "done": true
  },
  "pixelmon:recipes/machines/trade_machine/trade_holder_right": {
    "criteria": {
      "has_poke_ball": "2024-09-27 02:53:54 +0000"
    },
    "done": true
  },
  "pixelmon:recipes/pokeball/base/aluminum_base": {
    "criteria": {
      "has_ingot": "2024-09-27 02:24:50 +0000"
    },
    "done": true
  },
  "minecraft:recipes/building_blocks/purple_concrete_powder": {
    "criteria": {
      "has_sand": "2024-09-27 02:52:20 +0000"
    },
    "done": true
  },
  "pixelmon:recipes/pokeball/base/iron_base": {
    "criteria": {
      "has_ingot": "2024-09-27 02:24:50 +0000"
    },
    "done": true
  },
  "pixelmon:recipes/pokeball/lid/timer_ball_lid": {
    "criteria": {
      "has_poke_ball": "2024-09-27 02:53:54 +0000"
    },
    "done": true
  },
  "pixelmon:recipes/pokeball/base/wooden_base": {
    "criteria": {
      "has_slab": "2024-09-27 02:24:50 +0000"
    },
    "done": true
  },
  "pixelmon:recipes/pokeball/lid/level_ball_lid": {
    "criteria": {
      "has_poke_ball": "2024-09-27 02:53:54 +0000"
    },
    "done": true
  },
  "minecraft:adventure/adventuring_time": {
    "criteria": {
      "minecraft:cold_ocean": "2024-09-27 02:46:32 +0000",
      "minecraft:forest": "2024-09-27 03:07:04 +0000",
      "minecraft:taiga": "2024-09-27 02:19:55 +0000",
      "minecraft:desert_hills": "2024-09-27 02:50:10 +0000",
      "minecraft:deep_cold_ocean": "2024-09-27 02:47:29 +0000",
      "minecraft:taiga_hills": "2024-09-27 02:26:03 +0000",
      "minecraft:desert": "2024-09-27 02:49:02 +0000",
      "minecraft:birch_forest": "2024-09-27 03:03:39 +0000",
      "minecraft:beach": "2024-09-27 02:44:26 +0000",
      "minecraft:river": "2024-09-27 02:44:53 +0000",
      "minecraft:savanna": "2024-09-27 02:51:35 +0000",
      "minecraft:plains": "2024-09-27 02:55:06 +0000"
    },
    "done": false
  },
  "pixelmon:recipes/machines/trade_machine/trade_monitor": {
    "criteria": {
      "has_poke_ball": "2024-09-27 02:53:54 +0000"
    },
    "done": true
  },
  "minecraft:recipes/misc/charcoal": {
    "criteria": {
      "has_log": "2024-09-27 02:46:08 +0000"
    },
    "done": true
  },
  "minecraft:recipes/building_blocks/sandstone": {
    "criteria": {
      "has_sand": "2024-09-27 02:52:20 +0000"
    },
    "done": true
  },
  "minecraft:recipes/building_blocks/spruce_planks": {
    "criteria": {
      "has_logs": "2024-09-27 02:46:08 +0000"
    },
    "done": true
  },
  "minecraft:recipes/transportation/birch_boat": {
    "criteria": {
      "in_water": "2024-09-27 02:44:28 +0000"
    },
    "done": true
  },
  "minecraft:recipes/decorations/barrel": {
    "criteria": {
      "has_planks": "2024-09-27 02:46:24 +0000"
    },
    "done": true
  },
  "minecraft:recipes/building_blocks/green_concrete_powder": {
    "criteria": {
      "has_sand": "2024-09-27 02:52:20 +0000"
    },
    "done": true
  },
  "minecraft:recipes/transportation/acacia_boat": {
    "criteria": {
      "in_water": "2024-09-27 02:44:28 +0000"
    },
    "done": true
  },
  "minecraft:recipes/transportation/jungle_boat": {
    "criteria": {
      "in_water": "2024-09-27 02:44:28 +0000"
    },
    "done": true
  },
  "minecraft:recipes/building_blocks/white_concrete_powder": {
    "criteria": {
      "has_sand": "2024-09-27 02:52:20 +0000"
    },
    "done": true
  },
  "minecraft:recipes/decorations/spruce_fence": {
    "criteria": {
      "has_planks": "2024-09-27 02:46:24 +0000"
    },
    "done": true
  },
  "minecraft:recipes/transportation/dark_oak_boat": {
    "criteria": {
      "in_water": "2024-09-27 02:44:28 +0000"
    },
    "done": true
  },
  "pixelmon:recipes/pokeball/base/silver_base": {
    "criteria": {
      "has_ingot": "2024-09-27 02:24:50 +0000"
    },
    "done": true
  },
  "minecraft:recipes/food/cooked_cod_from_smoking": {
    "criteria": {
      "has_cod": "2024-09-27 03:04:41 +0000"
    },
    "done": true
  },
  "minecraft:recipes/food/cooked_chicken_from_campfire_cooking": {
    "criteria": {
      "has_chicken": "2024-09-27 02:45:38 +0000"
    },
    "done": true
  },
  "minecraft:recipes/building_blocks/spruce_stairs": {
    "criteria": {
      "has_planks": "2024-09-27 02:46:24 +0000"
    },
    "done": true
  },
  "pixelmon:recipes/decor/household_items/glass_table": {
    "criteria": {
      "has_planks": "2024-09-27 02:46:24 +0000"
    },
    "done": true
  },
  "minecraft:recipes/redstone/spruce_trapdoor": {
    "criteria": {
      "has_planks": "2024-09-27 02:46:24 +0000"
    },
    "done": true
  },
  "pixelmon:recipes/equipment/vanilla/wooden_hammer": {
    "criteria": {
      "has_planks": "2024-09-27 02:46:24 +0000"
    },
    "done": true
  },
  "pixelmon:recipes/decor/building_infrastructure/bridge_block": {
    "criteria": {
      "has_logs": "2024-09-27 02:46:08 +0000"
    },
    "done": true
  },
  "minecraft:recipes/food/cooked_chicken": {
    "criteria": {
      "has_chicken": "2024-09-27 02:45:38 +0000"
    },
    "done": true
  },
  "pixelmon:recipes/decor/unown/unown_block_blank": {
    "criteria": {
      "has_unown_block": "2024-09-27 02:51:07 +0000"
    },
    "done": true
  },
  "minecraft:recipes/transportation/oak_boat": {
    "criteria": {
      "in_water": "2024-09-27 02:44:28 +0000"
    },
    "done": true
  },
  "minecraft:recipes/food/cooked_cod_from_campfire_cooking": {
    "criteria": {
      "has_cod": "2024-09-27 03:04:41 +0000"
    },
    "done": true
  },
  "pixelmon:recipes/pokeball/lid/dive_ball_lid": {
    "criteria": {
      "has_poke_ball": "2024-09-27 02:53:54 +0000"
    },
    "done": true
  },
  "minecraft:recipes/building_blocks/orange_concrete_powder": {
    "criteria": {
      "has_sand": "2024-09-27 02:52:20 +0000"
    },
    "done": true
  },
  "minecraft:recipes/building_blocks/cyan_concrete_powder": {
    "criteria": {
      "has_sand": "2024-09-27 02:52:20 +0000"
    },
    "done": true
  },
  "DataVersion": 2586
}